0KeLXiAGI3M	Lewis Howes	10855	How The 1% Build Wealth (Get RICH In 2025 Easy) | Alex Hormozi & Lewis Howes
2IoKsGLpGys	The Iced Coffee Hour	7471	Meet The $100,000,000 Man Who Sold Everything | Alex Hormozi
5f_UL-z1xgI	Jack Neel	6518	I Thought I Was Broken — I Just Had the Wrong Words | Alex Hormozi
8_qL5oB3BR4	Escape Fitness	4194	Gym Launch CEO Alex Hormozi: Financial Freedom for Life
9urSNqHrCFM	IMPAULSIVE	5487	Millionaire Maker’s Harsh Truths of Making $106M in 72hrs, Why Trump is a Psychopath | Alex Hormozi
C7degTzRk_A	My First Million	4395	Alex Hormozi's best frameworks for business and beyond
F3LyYLi-yCU	Helpers Psychology	4183	Alex Hormozi x Tony Robbins Full Interview
H3clU6Qq5xw	My First Million	2626	5 Live Callers Get Brutal Startup Advice from Hormozi & Shaan
JPCJEtMXOu0	Lewis Howes	5428	How They Keep You POOR! (Watch This To Become A MILLIONAIRE In 2025) | Alex Hormozi
JRPChBZ0Rjo	Tom Bilyeu	5705	How The 1% BUILD WEALTH (Copy These Millionaire Habits) | Alex Hormozi
JvEhPIRtk9M	Ed Mylett	6021	The Ultimate Guide To Building An INSANELY Profitable Business Feat. Alex Hormozi
KepgJld9O2w	Ed Mylett	3923	A MASTERCLASS in business with ALEX HORMOZI & ED MYLETT
Kl-I7sUcAOY	The Diary Of A CEO	11637	The Man That Makes Millionaires: Turn $0 to $10k With This Step By Step Formula! Alex Hormozi
MQ7EFznGWUI	Daniel G	3699	The World's Greatest Sales Interview with Alex Hormozi and Daniel G “Off the stage Episode 10”
MTAXjVgK-1o	Lewis Howes	8166	The MULTI-MILLIONAIRE SECRETS Nobody Shares That You CAN COPY! | Alex Hormozi
NN4chKRZGC4	Glencoco	3534	Alex Hormozi's Advice On Sales
OGBPElUhwJ0	Ed Mylett	5327	Maximizing Returns: The Power of Real Leverage In Your Life Feat. Alex Hormozi
Px1LdHmiOas	Chris Williamson	4161	15 Lessons From 800 Episodes - Alex Hormozi, Ryan Holiday & Mark Manson
RTP6mkwzYDA	Tony Omary - Elite Affiliate Hacks	4183	Alex Hormozi x Tony Robbins Deleted Interview  | Ego or Genius Branding?
TAXPyRnWwI0	My First Million	4776	These 4 Math Equations Will Make You A Millionaire | Alex Hormozi
Tigt75AcLLA	Tom Bilyeu	10540	It's Actually Pretty Easy to Get Ahead of 99% of People | Alex Hormozi
UBYKDYkbQhk	Chris Williamson	2280	Full body session with Alex Hormozi.
WK-d4H7xtvQ	Lewis Howes	3693	How to Become a MILLIONAIRE This Year! (Shift Your MINDSET!) | Alex Hormozi
WO5m-roVzjg	Chris Williamson	10980	How Small Wins Compound Into Greatness - Alex Hormozi (4K)
YYKo-8JTOgk	Leveling Up with Eric Siu	7139	How to Become Too Good to Fail | The Alex Hormozi Interview
ZMHpgu2C84I	My First Million	4783	Alex Hormozi’s Plan To Grow Acquisition.com To $1 Billion (#462)
_v9tXunUKGo	Lewis Howes	5446	The COMMON HABITS That Keep People POOR! (How To Become Wealthy) | Alex Hormozi & Lewis Howes
bDZTH5S8AWs	Lewis Howes Español	4568	Si Quieres Multiplicar El Dinero Que Tienes, Haz Esto | Alex Hormozi
eAkqCSFPJEE	Codie Sanchez	1999	An Interview With Alex and Leila Hormozi
evNrefJmM_I	More Plates More Dates	10226	Alex Hormozi - Tax Secrets, Acquisition, Productivity, Diet, Training, Lifestyle, TRT & Nootropics
ezOP5MguOLU	Karat	4009	How to Make it on YouTube in 2026 (Alex Hormozi interview)
f_tcjOsL-Ak	Chris Williamson	5289	The Secrets Of A $100m Business - Alex & Leila Hormozi
gEF67-G9MO0	Jay Shetty Podcast	7373	Alex Hormozi: How To Make So Much Money You Question The Meaning Of It
iqAtBbGr3VY	Acquisitioncom	5276	Selling with Logic To Make Lots of Money [Alex Hormozi]
oDYVf6DXrc0	Chris Bumstead	4340	A Workout with Alex Hormozi
q-_hwD1jNK4	The Iced Coffee Hour	8450	Alex Hormozi: The #1 Strategy That Will Print MILLIONAIRES In 2025
qNAEtyBosbM	Tom Bilyeu	10150	Make So Much Money You Question It! - Get Ahead Of 99% Of People & Win At Anything | Alex Hormozi
rPV7Sn-POlM	Lewis Howes	3194	Millionaire REVEALS: How to Get RICH!  Alex Hormozi
rRI0J8a4I9g	Tom Bilyeu	7305	How To Make So Much Money It Feels Illegal (NO BS Way To Build $1,000,000 Business) | Alex Hormozi
rbwPjS8ObfM	How I Invest Podcast	8402	Alex Hormozi on Billionaires, Compounding & First-Principles Thinking
sdd4BST87ks	Ali Abdaal – Lifestyle Business Academy	5258	Alex Hormozi: How He Built A $150 Million Empire And His Best Business Advice
u4HUJafPixw	Value Core	3549	RETRAIN YOUR MIND - Joe Rogan, Alex Hormozi and Chris Williamson
u4kgZ3pf8cU	Acquisitioncom	3705	Alex Hormozi: The University of Texas at Austin (FULL LECTURE + Q&A)
wKQiy_cA6OA	Danny Miranda	5846	Alex Hormozi: Reprogram Your Mind To Win | The Danny Miranda Podcast 377
x3e73Qn6NOo	The Diary Of A CEO	6980	The Man That Makes Millionaires: How To Turn $1,000 Into $100 Million!: Alex Hormozi | E235
xaF1bR3SZ6o	Think Media	17134	The Ultimate YouTube Masterclass w/ Alex Hormozi, Codie Sanchez & Leila Hormozi
xc6OVW2z6es	BiggerPockets	2681	Millionaire Advice That'll Make You 7 Figures w/Codie Sanchez & Hormozi
xwimKNyNbLo	Dean Graziosi	3705	Take the Shot or Lose the Chance | Why You Should Just Go For It w/ Alex Hormozi
xwoaKdxqFDc	Lewis Howes Español	3948	¡ESTO te mantiene POBRE pero ESTO me CONVIRTIÓ en MILLONARIO! | Alex Hormozi & Lewis Howes
yUcxqmaqPF0	Devin Nagami	3426	12 Lessons from 2023 - Alex Hormozi, Joe Rogan & Tim Ferriss
